<?xml version="1.0" encoding="UTF-8"?>
<project-private xmlns="http://www.netbeans.org/ns/project-private/1">
    <editor-bookmarks xmlns="http://www.netbeans.org/ns/editor-bookmarks/2" lastBookmarkId="0"/>
    <open-files xmlns="http://www.netbeans.org/ns/projectui-open-files/2">
        <group>
            <file>file:/C:/Users/javie/Desktop/PAW-Pr7/nb/src/java/sol/ser/PedidosCliente.java</file>
            <file>file:/C:/Users/javie/Desktop/PAW-Pr7/nb/src/java/sol/ajax/GetProvinciaPorCp.java</file>
            <file>file:/C:/Users/javie/Desktop/PAW-Pr7/nb/src/java/sol/ajax/GetStockArticulo.java</file>
            <file>file:/C:/Users/javie/Desktop/PAW-Pr7/nb/nbproject/build-impl.xml</file>
            <file>file:/C:/Users/javie/Desktop/PAW-Pr7/nb/src/java/sol/ser/NuevoCliente.java</file>
            <file>file:/C:/Users/javie/Desktop/PAW-Pr7/nb/web/WEB-INF/web.xml</file>
            <file>file:/C:/Users/javie/Desktop/PAW-Pr7/nb/src/java/mail.properties</file>
            <file>file:/C:/Users/javie/Desktop/PAW-Pr7/nb/web/nuevoCliente.jsp</file>
        </group>
    </open-files>
</project-private>
